,name,datetime,temp,feelslike,dew,humidity,precip,precipprob,preciptype,snow,snowdepth,windgust,windspeed,winddir,sealevelpressure,cloudcover,visibility,solarradiation,solarenergy,uvindex,severerisk,conditions,icon,stations
0,"Austin, TX, United States",2022-09-19T00:00:00,81.2,84.6,69.6,67.95,0.0,0.0,,0,0,20.4,5.4,182.0,1014.7,7.3,9.9,0.0,,0,3,Clear,clear-night,"KATT,KAUS,KEDC"
1,"Austin, TX, United States",2022-09-19T01:00:00,78.6,78.6,69.7,74.2,0.0,0.0,,0,0,16.1,5.3,194.0,1014.9,11.0,9.9,0.0,,0,30,Clear,clear-night,"KATT,KAUS,KEDC"
2,"Austin, TX, United States",2022-09-19T02:00:00,77.9,77.9,70.5,78.1,0.0,0.0,,0,0,12.3,2.4,0.0,1015.1,11.7,9.9,0.0,,0,30,Clear,clear-night,"KATT,KAUS,KEDC"
3,"Austin, TX, United States",2022-09-19T03:00:00,77.7,77.7,71.5,81.23,0.0,0.0,,0,0,9.4,3.2,248.0,1014.8,88.7,9.9,0.0,,0,30,Partially cloudy,partly-cloudy-night,"KATT,KAUS,KEDC"
4,"Austin, TX, United States",2022-09-19T04:00:00,75.1,75.1,71.3,88.12,0.0,0.0,,0,0,8.1,0.2,11.0,1014.7,79.8,9.9,0.0,,0,30,Partially cloudy,partly-cloudy-night,"KATT,KAUS,KEDC"
5,"Austin, TX, United States",2022-09-19T05:00:00,71.6,71.6,69.6,93.6,0.0,0.0,,0,0,4.9,0.0,0.0,1014.6,37.6,9.9,0.0,,0,10,Partially cloudy,partly-cloudy-night,"KAUS,KEDC"
6,"Austin, TX, United States",2022-09-19T06:00:00,74.0,74.0,71.1,90.46,0.0,0.0,,0,0,2.7,0.0,0.0,1014.8,75.5,9.9,0.0,,0,10,Partially cloudy,partly-cloudy-night,"KATT,KAUS,KEDC"
7,"Austin, TX, United States",2022-09-19T07:00:00,74.0,74.0,71.8,92.84,0.0,0.0,,0,0,1.1,0.0,0.0,1015.5,41.2,9.9,0.0,,0,10,Partially cloudy,partly-cloudy-night,"KATT,KAUS,KEDC"
8,"Austin, TX, United States",2022-09-19T08:00:00,74.7,74.7,72.3,92.33,0.0,0.0,,0,0,0.9,0.0,0.0,1016.0,79.1,9.9,17.0,0.1,0,30,Partially cloudy,partly-cloudy-day,"KATT,KAUS,KEDC,D9418"
9,"Austin, TX, United States",2022-09-19T09:00:00,77.6,77.6,73.8,88.19,0.0,0.0,,0,0,4.0,4.1,96.0,1016.4,88.6,9.9,113.0,0.4,1,30,Partially cloudy,partly-cloudy-day,"KATT,KAUS,KEDC,D9418"
10,"Austin, TX, United States",2022-09-19T10:00:00,80.9,86.3,74.2,80.01,0.0,0.0,,0,0,6.0,4.3,158.0,1016.6,25.7,9.9,375.0,1.4,4,60,Partially cloudy,partly-cloudy-day,"KATT,KAUS,KEDC,D9418"
11,"Austin, TX, United States",2022-09-19T11:00:00,83.6,89.3,72.3,68.77,0.0,0.0,,0,0,4.9,3.9,237.0,1017.0,61.1,9.9,481.0,1.7,5,60,Partially cloudy,partly-cloudy-day,"KATT,KAUS,KEDC,D9418"
12,"Austin, TX, United States",2022-09-19T12:00:00,89.0,95.6,71.6,56.69,0.0,0.0,,0,0,7.6,6.0,257.0,1016.6,52.2,9.9,635.0,2.3,6,30,Partially cloudy,partly-cloudy-day,"KATT,KAUS,KEDC,D9418"
13,"Austin, TX, United States",2022-09-19T13:00:00,90.6,94.0,67.2,46.32,0.0,0.0,,0,0,8.7,5.4,166.5,1016.0,7.0,22.7,889.0,3.2,9,10,Clear,clear-day,
14,"Austin, TX, United States",2022-09-19T14:00:00,92.6,94.9,65.0,40.41,0.0,4.8,,0,0,8.1,4.9,163.1,1015.0,13.0,26.7,876.0,3.2,9,10,Clear,clear-day,
15,"Austin, TX, United States",2022-09-19T15:00:00,94.0,95.2,62.7,35.6,0.0,4.8,,0,0,9.2,5.1,162.0,1014.0,1.0,30.9,813.0,2.9,8,10,Clear,clear-day,
16,"Austin, TX, United States",2022-09-19T16:00:00,94.6,95.6,62.3,34.57,0.0,4.8,,0,0,8.7,4.7,172.2,1014.0,0.0,32.0,671.0,2.4,7,10,Clear,clear-day,
17,"Austin, TX, United States",2022-09-19T17:00:00,94.6,96.0,63.1,35.46,0.0,4.8,,0,0,8.7,3.6,176.6,1014.0,0.0,31.9,486.0,1.7,5,10,Clear,clear-day,
18,"Austin, TX, United States",2022-09-19T18:00:00,94.2,95.4,62.7,35.41,0.0,4.8,,0,0,8.3,2.9,157.6,1014.0,0.0,32.6,269.0,1.0,3,10,Clear,clear-day,
19,"Austin, TX, United States",2022-09-19T19:00:00,92.9,93.7,62.1,36.12,0.0,4.8,,0,0,7.4,2.2,146.5,1013.0,0.0,33.4,57.0,0.2,1,10,Clear,clear-day,
20,"Austin, TX, United States",2022-09-19T20:00:00,89.3,90.0,62.5,40.94,0.0,0.0,,0,0,3.8,3.4,126.8,1014.0,0.0,31.4,0.0,0.0,0,3,Clear,clear-night,
21,"Austin, TX, United States",2022-09-19T21:00:00,86.1,87.9,65.0,49.55,0.0,0.0,,0,0,7.6,2.2,118.3,1014.0,0.0,24.9,0.0,,0,10,Clear,clear-night,
22,"Austin, TX, United States",2022-09-19T22:00:00,84.6,87.9,67.9,57.33,0.0,0.0,,0,0,14.5,9.2,99.4,1015.0,82.0,19.8,0.0,,0,10,Partially cloudy,partly-cloudy-night,
23,"Austin, TX, United States",2022-09-19T23:00:00,83.9,88.0,69.5,62.03,0.0,0.0,rain,0,0,17.7,8.7,131.9,1015.0,100.0,17.8,0.0,,0,30,Overcast,cloudy,
24,"Austin, TX, United States",2022-09-20T00:00:00,83.2,88.0,71.1,67.08,0.0,0.0,rain,0,0,17.7,6.9,174.1,1015.0,86.0,15.5,0.0,,0,30,Partially cloudy,partly-cloudy-night,
25,"Austin, TX, United States",2022-09-20T01:00:00,81.4,86.6,73.3,76.5,0.0,0.0,,0,0,20.1,7.8,186.3,1015.0,58.0,12.2,0.0,,0,60,Partially cloudy,partly-cloudy-night,
26,"Austin, TX, United States",2022-09-20T02:00:00,80.0,80.0,72.4,77.78,0.0,0.0,,0,0,18.6,6.3,189.2,1015.0,6.0,12.0,0.0,,0,30,Clear,clear-night,
27,"Austin, TX, United States",2022-09-20T03:00:00,78.9,78.9,72.9,82.07,0.0,0.0,,0,0,15.2,4.5,197.7,1016.0,0.0,11.1,0.0,,0,30,Clear,clear-night,
28,"Austin, TX, United States",2022-09-20T04:00:00,77.8,77.8,72.9,85.04,0.0,0.0,,0,0,13.6,3.1,174.3,1016.0,1.0,10.2,0.0,,0,30,Clear,clear-night,
29,"Austin, TX, United States",2022-09-20T05:00:00,76.9,76.9,73.7,89.76,0.0,0.0,,0,0,9.4,2.0,166.9,1015.0,2.0,9.1,0.0,,0,30,Clear,clear-night,
30,"Austin, TX, United States",2022-09-20T06:00:00,76.0,76.0,73.8,93.04,0.0,0.0,,0,0,8.7,1.1,93.2,1016.0,4.0,8.5,0.0,,0,30,Clear,clear-night,
31,"Austin, TX, United States",2022-09-20T07:00:00,75.1,75.1,73.8,95.87,0.0,0.0,,0,0,2.5,2.7,80.7,1017.0,5.0,8.0,0.0,,0,30,Clear,clear-night,
32,"Austin, TX, United States",2022-09-20T08:00:00,76.0,76.0,73.8,93.04,0.0,0.0,,0,0,6.3,0.9,319.5,1017.0,20.0,8.0,80.0,0.3,1,30,Clear,clear-day,
33,"Austin, TX, United States",2022-09-20T09:00:00,79.6,79.6,73.3,81.13,0.0,0.0,,0,0,9.2,3.4,243.5,1018.0,10.0,9.9,282.0,1.0,3,30,Clear,clear-day,
34,"Austin, TX, United States",2022-09-20T10:00:00,83.0,89.0,73.1,72.14,0.0,0.0,,0,0,5.6,4.5,216.6,1017.0,8.0,11.9,505.0,1.8,5,60,Clear,clear-day,
35,"Austin, TX, United States",2022-09-20T11:00:00,86.3,92.2,71.5,61.56,0.0,0.0,,0,0,6.0,3.6,167.7,1017.0,5.0,15.3,704.0,2.5,7,30,Clear,clear-day,
36,"Austin, TX, United States",2022-09-20T12:00:00,89.3,94.6,69.9,52.87,0.0,0.0,,0,0,7.4,5.1,144.3,1017.0,0.0,19.0,822.0,3.0,8,30,Clear,clear-day,
37,"Austin, TX, United States",2022-09-20T13:00:00,91.7,96.0,68.1,46.2,0.0,0.0,,0,0,8.9,6.3,137.8,1016.0,0.0,22.7,885.0,3.2,9,30,Clear,clear-day,
38,"Austin, TX, United States",2022-09-20T14:00:00,94.0,96.2,64.5,37.92,0.0,0.0,,0,0,8.3,6.0,134.9,1015.0,16.0,28.8,881.0,3.2,9,10,Clear,clear-day,
39,"Austin, TX, United States",2022-09-20T15:00:00,94.7,96.7,63.9,36.39,0.0,0.0,,0,0,7.8,6.3,131.3,1014.0,20.0,30.4,711.0,2.6,7,10,Clear,clear-day,
40,"Austin, TX, United States",2022-09-20T16:00:00,95.3,96.3,62.1,33.6,0.0,0.0,,0,0,6.9,4.5,143.7,1015.0,18.0,33.0,584.0,2.1,6,3,Clear,clear-day,
41,"Austin, TX, United States",2022-09-20T17:00:00,95.6,95.6,59.8,30.59,0.0,0.0,,0,0,7.2,5.1,125.0,1014.0,20.0,36.5,480.0,1.7,5,10,Clear,clear-day,
42,"Austin, TX, United States",2022-09-20T18:00:00,94.2,93.8,59.4,31.57,0.0,0.0,,0,0,9.2,4.9,110.1,1014.0,49.0,36.7,135.0,0.5,1,10,Partially cloudy,partly-cloudy-day,
43,"Austin, TX, United States",2022-09-20T19:00:00,92.0,91.9,60.3,34.85,0.0,0.0,,0,0,10.5,6.0,56.2,1014.0,22.0,34.5,50.0,0.2,1,10,Partially cloudy,partly-cloudy-day,
44,"Austin, TX, United States",2022-09-20T20:00:00,88.4,88.8,61.8,41.06,0.0,0.0,,0,0,5.1,3.8,69.0,1014.0,5.0,31.3,0.0,0.0,0,5,Clear,clear-night,
45,"Austin, TX, United States",2022-09-20T21:00:00,85.7,86.7,63.1,46.77,0.0,0.0,,0,0,7.2,4.7,84.2,1015.0,10.0,26.9,0.0,,0,5,Clear,clear-night,
46,"Austin, TX, United States",2022-09-20T22:00:00,83.9,86.7,67.2,57.24,0.0,0.0,,0,0,11.9,6.3,177.2,1015.0,0.0,20.4,0.0,,0,3,Clear,clear-night,
47,"Austin, TX, United States",2022-09-20T23:00:00,82.1,85.6,69.2,64.94,0.0,0.0,,0,0,13.4,5.1,179.9,1015.0,0.0,16.8,0.0,,0,3,Clear,clear-night,
48,"Austin, TX, United States",2022-09-21T00:00:00,80.9,83.8,68.6,66.41,0.0,0.0,,0,0,16.3,6.0,191.0,1016.0,3.0,16.3,0.0,,0,5,Clear,clear-night,
49,"Austin, TX, United States",2022-09-21T01:00:00,79.4,79.4,69.2,70.91,0.0,0.0,,0,0,15.7,5.6,209.1,1016.0,0.0,14.5,0.0,,0,3,Clear,clear-night,
50,"Austin, TX, United States",2022-09-21T02:00:00,78.0,78.0,69.7,75.74,0.0,0.0,,0,0,13.9,3.1,205.0,1016.0,0.0,13.2,0.0,,0,5,Clear,clear-night,
51,"Austin, TX, United States",2022-09-21T03:00:00,76.4,76.4,69.9,80.4,0.0,0.0,,0,0,8.7,2.7,139.8,1016.0,1.0,11.7,0.0,,0,5,Clear,clear-night,
52,"Austin, TX, United States",2022-09-21T04:00:00,74.9,74.9,70.4,85.92,0.0,0.0,,0,0,6.9,1.8,110.4,1015.0,1.0,10.3,0.0,,0,3,Clear,clear-night,
53,"Austin, TX, United States",2022-09-21T05:00:00,74.0,74.0,70.4,88.55,0.0,0.0,,0,0,5.1,3.1,10.8,1015.0,2.0,10.0,0.0,,0,3,Clear,clear-night,
54,"Austin, TX, United States",2022-09-21T06:00:00,73.1,73.1,70.2,90.71,0.0,0.0,,0,0,3.4,2.9,335.7,1015.0,3.0,9.6,0.0,,0,5,Clear,clear-night,
55,"Austin, TX, United States",2022-09-21T07:00:00,78.3,78.3,72.8,83.03,0.0,0.0,,0,0,5.6,3.4,175.9,1016.0,0.0,15.0,0.0,,0,30,Clear,clear-night,
56,"Austin, TX, United States",2022-09-21T08:00:00,78.9,78.9,71.9,79.13,0.0,0.0,,0,0,2.7,2.5,190.0,1016.0,0.0,15.0,41.0,0.1,0,10,Clear,clear-day,
57,"Austin, TX, United States",2022-09-21T09:00:00,80.3,83.1,68.4,67.18,0.0,0.0,,0,0,1.1,0.7,293.0,1016.0,0.0,15.0,294.0,1.1,3,5,Clear,clear-day,
58,"Austin, TX, United States",2022-09-21T10:00:00,82.3,85.5,68.4,62.98,0.0,0.0,,0,0,4.7,1.6,23.3,1017.0,0.0,15.0,506.0,1.8,5,5,Clear,clear-day,
59,"Austin, TX, United States",2022-09-21T11:00:00,85.0,88.5,68.3,57.38,0.0,0.0,,0,0,5.1,2.5,59.1,1017.0,0.0,15.0,699.0,2.5,7,3,Clear,clear-day,
60,"Austin, TX, United States",2022-09-21T12:00:00,87.9,90.8,66.8,49.81,0.0,0.0,,0,0,4.7,3.6,72.9,1016.0,0.0,15.0,827.0,3.0,8,3,Clear,clear-day,
61,"Austin, TX, United States",2022-09-21T13:00:00,90.4,92.8,65.6,44.04,0.0,0.0,,0,0,4.7,3.8,78.8,1015.0,0.0,15.0,890.0,3.2,9,3,Clear,clear-day,
62,"Austin, TX, United States",2022-09-21T14:00:00,94.7,93.4,56.9,28.36,0.0,0.0,,0,0,8.7,7.4,118.9,1014.0,0.0,15.0,880.0,3.2,9,10,Clear,clear-day,
63,"Austin, TX, United States",2022-09-21T15:00:00,96.2,94.2,54.6,24.93,0.0,0.0,,0,0,8.7,7.8,127.4,1013.0,0.0,15.0,841.0,3.0,8,10,Clear,clear-day,
64,"Austin, TX, United States",2022-09-21T16:00:00,96.9,94.4,52.4,22.53,0.0,0.0,,0,0,8.9,8.7,136.4,1012.0,0.0,15.0,736.0,2.6,7,10,Clear,clear-day,
65,"Austin, TX, United States",2022-09-21T17:00:00,96.3,93.4,50.4,21.29,0.0,0.0,,0,0,9.4,9.6,146.4,1012.0,0.0,15.0,574.0,2.1,6,10,Clear,clear-day,
66,"Austin, TX, United States",2022-09-21T18:00:00,94.9,91.7,49.4,21.38,0.0,0.0,,0,0,9.4,10.3,153.1,1012.0,0.0,15.0,371.0,1.3,4,10,Clear,clear-day,
67,"Austin, TX, United States",2022-09-21T19:00:00,92.0,88.9,49.7,23.69,0.0,0.0,,0,0,11.6,10.1,154.4,1012.0,0.0,15.0,151.0,0.5,2,10,Clear,clear-day,
68,"Austin, TX, United States",2022-09-21T20:00:00,87.9,85.3,51.0,28.27,0.0,0.0,,0,0,17.0,8.9,154.3,1013.0,0.0,15.0,8.0,0.0,0,10,Clear,clear-night,
69,"Austin, TX, United States",2022-09-21T21:00:00,84.5,83.0,53.7,34.82,0.0,0.0,,0,0,19.9,9.2,166.4,1014.0,0.0,15.0,0.0,,0,10,Clear,clear-night,
70,"Austin, TX, United States",2022-09-21T22:00:00,82.5,81.7,54.8,38.61,0.0,0.0,,0,0,19.7,8.5,168.4,1014.0,0.0,15.0,0.0,,0,10,Clear,clear-night,
71,"Austin, TX, United States",2022-09-21T23:00:00,80.9,80.8,56.0,42.6,0.0,0.0,,0,0,19.2,8.1,174.3,1014.0,0.0,15.0,0.0,,0,10,Clear,clear-night,
72,"Austin, TX, United States",2022-09-22T00:00:00,79.2,79.2,58.7,49.5,0.0,0.0,,0,0,19.0,8.1,186.0,1015.0,0.0,15.0,0.0,,0,10,Clear,clear-night,
73,"Austin, TX, United States",2022-09-22T01:00:00,78.0,78.0,59.4,52.94,0.0,0.0,,0,0,16.8,7.8,199.3,1015.0,0.0,15.0,0.0,,0,10,Clear,clear-night,
74,"Austin, TX, United States",2022-09-22T02:00:00,77.1,77.1,60.3,56.32,0.0,0.0,,0,0,14.8,7.4,209.0,1015.0,0.0,15.0,0.0,,0,10,Clear,clear-night,
75,"Austin, TX, United States",2022-09-22T03:00:00,76.2,76.2,60.7,58.77,0.0,0.0,,0,0,12.5,6.5,220.5,1015.0,0.0,15.0,0.0,,0,10,Clear,clear-night,
76,"Austin, TX, United States",2022-09-22T04:00:00,75.8,75.8,60.7,59.48,0.0,0.0,,0,0,11.2,6.3,229.8,1015.0,0.0,15.0,0.0,,0,10,Clear,clear-night,
77,"Austin, TX, United States",2022-09-22T05:00:00,75.5,75.5,60.9,60.58,0.0,0.0,,0,0,11.4,5.8,241.7,1015.0,0.0,15.0,0.0,,0,10,Clear,clear-night,
78,"Austin, TX, United States",2022-09-22T06:00:00,75.3,75.3,60.7,60.56,0.0,0.0,,0,0,11.2,5.8,254.4,1015.0,0.0,15.0,0.0,,0,10,Clear,clear-night,
79,"Austin, TX, United States",2022-09-22T07:00:00,75.1,75.1,60.5,60.53,0.0,0.0,,0,0,9.4,4.9,262.8,1015.0,0.0,15.0,0.0,,0,10,Clear,clear-night,
80,"Austin, TX, United States",2022-09-22T08:00:00,76.2,76.2,60.3,58.02,0.0,0.0,,0,0,7.6,4.5,273.0,1016.0,0.0,15.0,21.0,0.1,0,10,Clear,clear-day,
81,"Austin, TX, United States",2022-09-22T09:00:00,80.5,81.2,60.0,49.69,0.0,0.0,,0,0,4.5,3.4,280.5,1016.0,0.0,15.0,192.0,0.7,2,10,Clear,clear-day,
82,"Austin, TX, United States",2022-09-22T10:00:00,85.0,84.6,58.9,41.33,0.0,0.0,,0,0,2.5,1.6,289.1,1016.0,0.0,15.0,411.0,1.5,4,10,Clear,clear-day,
83,"Austin, TX, United States",2022-09-22T11:00:00,89.1,87.8,57.1,33.97,0.0,0.0,,0,0,2.7,0.9,207.0,1016.0,0.0,15.0,610.0,2.2,6,10,Clear,clear-day,
84,"Austin, TX, United States",2022-09-22T12:00:00,92.4,90.7,56.0,29.52,0.0,0.0,,0,0,4.9,2.5,152.7,1016.0,0.0,15.0,764.0,2.8,8,10,Clear,clear-day,
85,"Austin, TX, United States",2022-09-22T13:00:00,94.6,92.0,52.8,24.53,0.0,0.0,,0,0,6.5,4.5,138.4,1015.0,0.0,15.0,859.0,3.1,9,10,Clear,clear-day,
86,"Austin, TX, United States",2022-09-22T14:00:00,96.0,93.0,50.6,21.67,0.0,0.0,,0,0,6.5,5.8,145.8,1014.0,1.1,15.0,888.0,3.2,9,10,Clear,clear-day,
87,"Austin, TX, United States",2022-09-22T15:00:00,96.9,93.8,49.9,20.53,0.0,0.0,,0,0,6.7,6.9,160.0,1013.0,3.5,15.0,845.0,3.0,8,10,Clear,clear-day,
88,"Austin, TX, United States",2022-09-22T16:00:00,97.2,94.2,50.1,20.44,0.0,0.0,,0,0,6.7,7.6,171.7,1012.0,0.0,15.0,736.0,2.6,7,10,Clear,clear-day,
89,"Austin, TX, United States",2022-09-22T17:00:00,96.5,93.6,50.6,21.32,0.0,0.0,,0,0,7.4,8.1,178.6,1012.0,0.0,15.0,570.0,2.1,6,10,Clear,clear-day,
90,"Austin, TX, United States",2022-09-22T18:00:00,95.6,92.7,51.0,22.21,0.0,0.0,,0,0,7.6,8.5,176.6,1012.0,0.0,15.0,364.0,1.3,4,10,Clear,clear-day,
91,"Austin, TX, United States",2022-09-22T19:00:00,92.9,90.2,51.9,24.95,0.0,0.0,,0,0,8.9,8.7,171.0,1012.0,0.0,15.0,144.0,0.5,1,10,Clear,clear-day,
92,"Austin, TX, United States",2022-09-22T20:00:00,89.5,87.1,53.0,28.89,0.0,0.0,,0,0,10.5,6.7,177.5,1012.0,0.0,15.0,7.0,0.0,0,10,Clear,clear-night,
93,"Austin, TX, United States",2022-09-22T21:00:00,86.8,85.1,54.9,33.83,0.0,0.0,,0,0,15.0,7.4,179.7,1013.0,0.0,15.0,0.0,,0,10,Clear,clear-night,
94,"Austin, TX, United States",2022-09-22T22:00:00,84.6,84.5,59.8,43.18,0.0,0.0,,0,0,19.5,8.1,183.6,1014.0,0.0,15.0,0.0,,0,10,Clear,clear-night,
95,"Austin, TX, United States",2022-09-22T23:00:00,83.7,84.1,61.1,46.48,0.0,0.0,,0,0,17.0,7.2,182.2,1014.0,0.0,15.0,0.0,,0,10,Clear,clear-night,
96,"Austin, TX, United States",2022-09-23T00:00:00,82.8,83.5,61.6,48.77,0.0,0.0,,0,0,16.3,7.2,196.1,1014.0,0.0,15.0,0.0,,0,10,Clear,clear-night,
97,"Austin, TX, United States",2022-09-23T01:00:00,81.4,82.6,62.7,53.09,0.0,0.0,,0,0,15.4,7.2,205.4,1014.0,0.0,15.0,0.0,,0,10,Clear,clear-night,
98,"Austin, TX, United States",2022-09-23T02:00:00,80.7,81.9,62.7,54.35,0.0,0.0,,0,0,15.2,6.9,228.2,1014.0,0.0,15.0,0.0,,0,10,Clear,clear-night,
99,"Austin, TX, United States",2022-09-23T03:00:00,80.1,81.5,62.9,55.67,0.0,0.0,,0,0,15.0,6.5,225.7,1014.0,0.0,15.0,0.0,,0,3,Clear,clear-night,
100,"Austin, TX, United States",2022-09-23T04:00:00,79.4,79.4,63.2,57.72,0.0,0.0,,0,0,13.4,6.0,225.4,1014.0,0.0,15.0,0.0,,0,3,Clear,clear-night,
101,"Austin, TX, United States",2022-09-23T05:00:00,78.9,78.9,63.4,59.12,0.0,0.0,,0,0,9.8,5.1,228.6,1015.0,0.0,15.0,0.0,,0,3,Clear,clear-night,
102,"Austin, TX, United States",2022-09-23T06:00:00,78.3,78.3,63.4,60.18,0.0,0.0,,0,0,8.9,4.9,231.7,1015.0,6.5,15.0,0.0,,0,3,Clear,clear-night,
103,"Austin, TX, United States",2022-09-23T07:00:00,78.2,78.2,63.4,60.54,0.0,0.0,,0,0,7.8,4.5,245.6,1015.0,0.0,15.0,0.0,,0,3,Clear,clear-night,
104,"Austin, TX, United States",2022-09-23T08:00:00,78.7,78.7,63.4,59.47,0.0,0.0,,0,0,6.7,4.0,249.4,1016.0,0.0,15.0,20.0,0.1,0,3,Clear,clear-day,
105,"Austin, TX, United States",2022-09-23T09:00:00,82.5,83.7,63.4,52.57,0.0,0.0,,0,0,5.4,3.8,240.9,1016.0,0.0,15.0,185.0,0.7,2,10,Clear,clear-day,
106,"Austin, TX, United States",2022-09-23T10:00:00,86.3,87.3,63.2,46.27,0.0,0.0,,0,0,4.3,3.4,214.5,1016.0,0.0,15.0,400.0,1.4,4,10,Clear,clear-day,
107,"Austin, TX, United States",2022-09-23T11:00:00,89.9,90.1,61.4,38.75,0.0,0.0,,0,0,7.2,4.0,166.1,1016.0,0.0,15.0,598.0,2.2,6,10,Clear,clear-day,
108,"Austin, TX, United States",2022-09-23T12:00:00,92.7,92.1,58.9,32.38,0.0,0.0,,0,0,12.1,6.0,147.0,1016.0,0.0,15.0,749.0,2.7,7,10,Clear,clear-day,
109,"Austin, TX, United States",2022-09-23T13:00:00,94.9,93.8,57.5,28.76,0.0,0.0,,0,0,13.2,9.2,146.8,1015.0,0.0,15.0,842.0,3.0,8,10,Clear,clear-day,
110,"Austin, TX, United States",2022-09-23T14:00:00,96.3,94.7,55.5,25.62,0.0,0.0,,0,0,13.0,9.6,152.4,1014.0,0.0,15.0,869.0,3.1,9,10,Clear,clear-day,
111,"Austin, TX, United States",2022-09-23T15:00:00,97.2,95.4,54.6,24.12,0.0,0.0,,0,0,12.5,11.2,149.7,1013.0,0.0,15.0,827.0,3.0,8,10,Clear,clear-day,
112,"Austin, TX, United States",2022-09-23T16:00:00,97.2,95.2,53.9,23.49,0.0,0.0,,0,0,12.1,11.6,145.3,1012.0,1.2,15.0,719.0,2.6,7,10,Clear,clear-day,
113,"Austin, TX, United States",2022-09-23T17:00:00,96.7,94.2,52.6,22.81,0.0,0.0,,0,0,12.3,12.5,147.7,1012.0,2.9,15.0,557.0,2.0,6,10,Clear,clear-day,
114,"Austin, TX, United States",2022-09-23T18:00:00,94.9,92.6,53.3,24.75,0.0,0.0,,0,0,12.5,13.4,156.9,1012.0,1.2,15.0,354.0,1.3,4,10,Clear,clear-day,
115,"Austin, TX, United States",2022-09-23T19:00:00,92.0,90.3,56.0,29.85,0.0,0.0,,0,0,14.3,12.5,160.9,1013.0,4.4,15.0,138.0,0.5,1,10,Clear,clear-day,
116,"Austin, TX, United States",2022-09-23T20:00:00,88.1,86.9,57.3,35.38,0.0,0.0,,0,0,17.4,9.6,153.8,1013.0,0.0,15.0,6.0,0.0,0,10,Clear,clear-night,
117,"Austin, TX, United States",2022-09-23T21:00:00,86.3,85.6,58.6,39.19,0.0,0.0,,0,0,21.7,13.0,162.0,1014.0,0.0,15.0,0.0,,0,10,Clear,clear-night,
118,"Austin, TX, United States",2022-09-23T22:00:00,83.6,83.7,60.0,44.99,0.0,0.0,,0,0,22.6,11.0,172.2,1015.0,0.0,15.0,0.0,,0,10,Clear,clear-night,
119,"Austin, TX, United States",2022-09-23T23:00:00,81.2,82.2,62.0,52.06,0.0,0.0,,0,0,23.3,11.0,177.6,1015.0,0.0,15.0,0.0,,0,10,Clear,clear-night,
120,"Austin, TX, United States",2022-09-24T00:00:00,79.4,79.4,62.9,56.99,0.0,0.0,,0,0,22.4,9.8,181.2,1016.0,0.0,15.0,0.0,,0,10,Clear,clear-night,
121,"Austin, TX, United States",2022-09-24T01:00:00,77.3,77.3,63.6,62.76,0.0,0.0,,0,0,21.5,9.2,186.7,1016.0,0.0,15.0,0.0,,0,10,Clear,clear-night,
122,"Austin, TX, United States",2022-09-24T02:00:00,76.1,76.1,64.1,66.28,0.0,0.0,,0,0,18.9,8.4,190.5,1015.7,0.0,15.0,0.0,,0,10,Clear,clear-night,
123,"Austin, TX, United States",2022-09-24T03:00:00,75.0,75.0,64.6,70.02,0.0,0.0,,0,0,16.4,7.5,194.3,1015.3,0.0,15.0,0.0,,0,10,Clear,clear-night,
124,"Austin, TX, United States",2022-09-24T04:00:00,73.8,73.8,65.0,73.97,0.0,0.0,,0,0,13.9,6.7,198.1,1015.0,0.0,15.0,0.0,,0,10,Clear,clear-night,
125,"Austin, TX, United States",2022-09-24T05:00:00,73.7,73.7,65.6,75.83,0.0,0.0,,0,0,12.7,6.4,197.3,1015.3,0.0,15.0,0.0,,0,10,Clear,clear-night,
126,"Austin, TX, United States",2022-09-24T06:00:00,73.5,73.5,66.1,77.73,0.0,0.0,,0,0,11.5,6.1,196.6,1015.7,0.0,15.0,0.0,,0,10,Clear,clear-night,
127,"Austin, TX, United States",2022-09-24T07:00:00,73.3,73.3,66.6,79.68,0.0,0.0,,0,0,10.3,5.8,195.8,1016.0,0.0,15.0,0.0,,0,10,Clear,clear-night,
128,"Austin, TX, United States",2022-09-24T08:00:00,75.8,75.8,67.2,74.77,0.0,0.0,,0,0,11.3,6.5,190.1,1016.0,0.0,15.0,65.3,0.2,1,10,Clear,clear-day,
129,"Austin, TX, United States",2022-09-24T09:00:00,78.4,78.4,67.8,70.22,0.0,0.0,,0,0,12.4,7.2,184.4,1016.0,0.1,15.0,130.7,0.5,1,10,Clear,clear-day,
130,"Austin, TX, United States",2022-09-24T10:00:00,80.9,83.8,68.4,66.0,0.0,0.0,,0,0,13.4,7.8,178.7,1016.0,0.1,15.0,196.0,0.7,2,10,Clear,clear-day,
131,"Austin, TX, United States",2022-09-24T11:00:00,84.2,87.0,67.2,56.91,0.0,0.0,,0,0,14.0,9.1,176.2,1015.7,14.8,15.0,367.3,1.3,4,10,Clear,clear-day,
132,"Austin, TX, United States",2022-09-24T12:00:00,87.5,89.9,66.1,49.14,0.0,0.0,,0,0,14.6,10.4,173.6,1015.3,29.5,15.0,538.7,2.0,5,10,Partially cloudy,partly-cloudy-day,
133,"Austin, TX, United States",2022-09-24T13:00:00,90.8,92.8,64.8,42.47,0.0,0.0,,0,0,15.2,11.6,171.1,1015.0,44.2,15.0,710.0,2.6,7,10,Partially cloudy,partly-cloudy-day,
134,"Austin, TX, United States",2022-09-24T14:00:00,91.8,93.1,63.4,39.12,0.0,0.0,,0,0,14.8,12.1,176.2,1014.0,62.8,15.0,693.3,2.5,7,10,Partially cloudy,partly-cloudy-day,
135,"Austin, TX, United States",2022-09-24T15:00:00,92.8,93.5,62.0,36.03,0.0,0.0,,0,0,14.5,12.5,181.3,1013.0,81.4,15.0,676.7,2.5,7,10,Partially cloudy,partly-cloudy-day,
136,"Austin, TX, United States",2022-09-24T16:00:00,93.8,93.9,60.5,33.17,0.0,0.0,,0,0,14.1,13.0,186.4,1012.0,100.0,15.0,660.0,2.4,7,3,Overcast,cloudy,
137,"Austin, TX, United States",2022-09-24T17:00:00,91.7,92.3,61.9,37.18,0.0,0.0,,0,0,14.9,12.7,183.4,1012.0,72.4,15.0,480.3,1.7,5,10,Partially cloudy,partly-cloudy-day,
138,"Austin, TX, United States",2022-09-24T18:00:00,89.6,90.7,63.3,41.68,0.0,0.0,,0,0,15.7,12.4,180.3,1012.0,44.9,15.0,300.7,1.1,3,10,Partially cloudy,partly-cloudy-day,
139,"Austin, TX, United States",2022-09-24T19:00:00,87.5,89.2,64.7,46.75,0.0,0.0,,0,0,16.6,12.1,177.3,1012.0,17.3,15.0,121.0,0.4,1,10,Clear,clear-day,
140,"Austin, TX, United States",2022-09-24T20:00:00,85.8,87.8,65.4,50.66,0.0,0.0,,0,0,18.6,12.5,172.9,1012.7,44.9,15.0,81.3,0.3,0,10,Partially cloudy,partly-cloudy-night,
141,"Austin, TX, United States",2022-09-24T21:00:00,84.1,86.3,66.1,54.93,0.0,0.0,,0,0,20.7,12.8,168.6,1013.3,72.4,15.0,41.7,0.1,0,10,Partially cloudy,partly-cloudy-night,
142,"Austin, TX, United States",2022-09-24T22:00:00,82.3,84.8,66.8,59.57,0.0,0.0,,0,0,22.8,13.2,164.2,1014.0,100.0,15.0,2.0,0.0,0,10,Overcast,cloudy,
143,"Austin, TX, United States",2022-09-24T23:00:00,80.5,83.1,67.8,65.28,0.0,0.0,,0,0,23.0,12.3,167.9,1013.7,67.8,15.0,1.3,0.0,0,10,Partially cloudy,partly-cloudy-night,
144,"Austin, TX, United States",2022-09-25T00:00:00,78.7,78.7,68.7,71.57,0.0,0.0,,0,0,23.1,11.4,171.5,1013.3,35.7,15.0,0.7,0.0,0,10,Partially cloudy,partly-cloudy-night,
145,"Austin, TX, United States",2022-09-25T01:00:00,76.9,76.9,69.7,78.49,0.0,0.0,,0,0,23.3,10.5,175.2,1013.0,3.5,15.0,0.0,,0,10,Clear,clear-night,
146,"Austin, TX, United States",2022-09-25T02:00:00,76.0,76.0,70.1,81.87,0.0,0.0,,0,0,23.1,9.8,177.5,1012.7,5.4,15.0,0.0,,0,10,Clear,clear-night,
147,"Austin, TX, United States",2022-09-25T03:00:00,75.1,75.1,70.4,85.4,0.0,0.0,,0,0,23.0,9.2,179.7,1012.3,7.3,15.0,0.0,,0,10,Clear,clear-night,
148,"Austin, TX, United States",2022-09-25T04:00:00,74.2,74.2,70.8,89.1,0.0,0.0,,0,0,22.8,8.5,182.0,1012.0,9.2,15.0,0.0,,0,10,Clear,clear-night,
149,"Austin, TX, United States",2022-09-25T05:00:00,73.9,73.9,70.9,90.36,0.0,0.0,,0,0,21.0,7.9,181.1,1012.0,17.1,15.0,0.0,,0,10,Clear,clear-night,
150,"Austin, TX, United States",2022-09-25T06:00:00,73.5,73.5,70.9,91.65,0.0,0.0,,0,0,19.2,7.3,180.2,1012.0,25.1,15.0,0.0,,0,10,Partially cloudy,partly-cloudy-night,
151,"Austin, TX, United States",2022-09-25T07:00:00,73.1,73.1,71.0,92.96,0.0,0.0,,0,0,17.4,6.7,179.3,1012.0,33.0,15.0,0.0,,0,10,Partially cloudy,partly-cloudy-night,
152,"Austin, TX, United States",2022-09-25T08:00:00,76.1,76.1,70.1,81.71,0.0,0.0,,0,0,16.5,7.8,181.0,1012.3,22.0,15.0,64.7,0.2,1,10,Partially cloudy,partly-cloudy-day,
153,"Austin, TX, United States",2022-09-25T09:00:00,79.0,79.0,69.2,71.9,0.0,0.0,,0,0,15.5,8.9,182.8,1012.7,11.0,15.0,129.3,0.5,1,10,Clear,clear-day,
154,"Austin, TX, United States",2022-09-25T10:00:00,81.9,85.0,68.3,63.33,0.0,0.0,,0,0,14.5,10.1,184.5,1013.0,0.0,15.0,194.0,0.7,2,10,Clear,clear-day,
155,"Austin, TX, United States",2022-09-25T11:00:00,85.1,87.6,66.7,54.16,0.0,0.0,,0,0,12.9,9.6,179.6,1012.7,32.0,15.0,366.0,1.3,4,10,Partially cloudy,partly-cloudy-day,
156,"Austin, TX, United States",2022-09-25T12:00:00,88.2,90.1,65.0,46.36,0.0,0.0,,0,0,11.3,9.2,174.6,1012.3,64.0,15.0,538.0,2.0,5,10,Partially cloudy,partly-cloudy-day,
157,"Austin, TX, United States",2022-09-25T13:00:00,91.3,92.6,63.4,39.71,0.0,0.0,,0,0,9.6,8.7,169.7,1012.0,96.0,15.0,710.0,2.6,7,10,Overcast,cloudy,
158,"Austin, TX, United States",2022-09-25T14:00:00,90.2,91.3,63.2,40.73,0.0,9.5,,0,0,7.7,6.8,223.9,1011.3,97.3,15.0,534.3,2.0,5,10,Overcast,cloudy,
159,"Austin, TX, United States",2022-09-25T15:00:00,89.2,90.0,62.9,41.79,0.0,9.5,,0,0,5.7,4.8,278.0,1010.7,98.7,15.0,358.7,1.3,4,10,Overcast,cloudy,
160,"Austin, TX, United States",2022-09-25T16:00:00,88.1,88.8,62.7,42.87,0.01,9.5,rain,0,0,3.8,2.9,332.2,1010.0,100.0,15.0,183.0,0.7,2,10,Overcast,cloudy,
161,"Austin, TX, United States",2022-09-25T17:00:00,87.6,88.8,63.7,45.12,0.0,9.5,,0,0,6.5,4.6,280.4,1010.0,70.5,15.0,171.7,0.6,2,10,Partially cloudy,partly-cloudy-day,
162,"Austin, TX, United States",2022-09-25T18:00:00,87.1,88.8,64.7,47.47,0.0,9.5,,0,0,9.2,6.3,228.6,1010.0,41.1,15.0,160.3,0.6,2,10,Partially cloudy,partly-cloudy-day,
163,"Austin, TX, United States",2022-09-25T19:00:00,86.6,88.8,65.7,49.94,0.02,9.5,rain,0,0,11.9,8.1,176.8,1010.0,11.6,15.0,149.0,0.5,1,30,Clear,clear-day,
164,"Austin, TX, United States",2022-09-25T20:00:00,83.1,85.6,66.7,57.84,0.0,14.3,,0,0,14.1,8.1,162.2,1011.3,16.9,14.8,100.0,0.3,0,10,Clear,clear-night,
165,"Austin, TX, United States",2022-09-25T21:00:00,79.6,79.6,67.7,67.09,0.0,14.3,,0,0,16.3,8.1,147.5,1012.7,22.2,14.7,51.0,0.2,0,10,Partially cloudy,partly-cloudy-night,
166,"Austin, TX, United States",2022-09-25T22:00:00,76.0,76.0,68.6,77.94,0.1,14.3,rain,0,0,18.6,8.1,132.9,1014.0,27.5,14.5,2.0,0.0,0,10,Partially cloudy,partly-cloudy-night,
167,"Austin, TX, United States",2022-09-25T23:00:00,75.5,75.5,68.3,78.38,0.0,14.3,,0,0,15.2,7.2,153.1,1014.0,50.3,14.7,1.3,0.0,0,10,Partially cloudy,partly-cloudy-night,
168,"Austin, TX, United States",2022-09-26T00:00:00,74.9,74.9,67.9,78.82,0.0,14.3,,0,0,11.9,6.3,173.4,1014.0,73.1,14.8,0.7,0.0,0,3,Partially cloudy,partly-cloudy-night,
169,"Austin, TX, United States",2022-09-26T01:00:00,74.4,74.4,67.6,79.27,0.0,14.3,,0,0,8.5,5.4,193.6,1014.0,95.9,15.0,0.0,,0,3,Overcast,cloudy,
170,"Austin, TX, United States",2022-09-26T02:00:00,74.6,74.6,67.4,78.31,0.0,38.1,,0,0,6.3,3.9,140.0,1014.0,90.5,15.0,0.0,,0,3,Overcast,cloudy,
171,"Austin, TX, United States",2022-09-26T03:00:00,74.9,74.9,67.3,77.36,0.0,38.1,,0,0,4.2,2.4,86.3,1014.0,85.1,15.0,0.0,,0,10,Partially cloudy,partly-cloudy-night,
172,"Austin, TX, United States",2022-09-26T04:00:00,75.1,75.1,67.2,76.43,0.02,38.1,rain,0,0,2.0,0.9,32.7,1014.0,79.7,15.0,0.0,,0,10,Partially cloudy,partly-cloudy-night,
173,"Austin, TX, United States",2022-09-26T05:00:00,74.2,74.2,67.3,79.09,0.0,38.1,,0,0,6.7,3.6,26.8,1014.7,86.5,15.0,0.0,,0,10,Partially cloudy,partly-cloudy-night,
174,"Austin, TX, United States",2022-09-26T06:00:00,73.3,73.3,67.4,81.85,0.0,38.1,,0,0,11.4,6.3,20.9,1015.3,93.2,15.0,0.0,,0,10,Overcast,cloudy,
175,"Austin, TX, United States",2022-09-26T07:00:00,72.4,72.4,67.6,84.72,0.06,38.1,rain,0,0,16.1,8.9,15.0,1016.0,100.0,15.0,0.0,,0,10,Overcast,cloudy,
176,"Austin, TX, United States",2022-09-26T08:00:00,73.2,73.2,67.2,81.51,0.0,33.3,,0,0,16.3,9.8,17.6,1016.3,98.8,15.0,24.0,0.1,0,10,Overcast,cloudy,
177,"Austin, TX, United States",2022-09-26T09:00:00,74.0,74.0,66.8,78.42,0.0,33.3,,0,0,16.6,10.6,20.1,1016.7,97.5,15.0,48.0,0.2,0,10,Overcast,cloudy,
178,"Austin, TX, United States",2022-09-26T10:00:00,74.7,74.7,66.5,75.45,0.0,33.3,,0,0,16.8,11.4,22.7,1017.0,96.3,15.0,72.0,0.3,1,10,Overcast,cloudy,
179,"Austin, TX, United States",2022-09-26T11:00:00,77.6,77.6,65.9,67.29,0.0,33.3,,0,0,15.3,11.2,30.4,1017.0,97.5,15.0,198.3,0.7,2,10,Overcast,cloudy,
180,"Austin, TX, United States",2022-09-26T12:00:00,80.4,82.3,65.3,60.07,0.0,33.3,,0,0,13.8,11.0,38.0,1017.0,98.8,15.0,324.7,1.2,3,10,Overcast,cloudy,
181,"Austin, TX, United States",2022-09-26T13:00:00,83.2,84.9,64.7,53.68,0.0,33.3,,0,0,12.3,10.7,45.7,1017.0,100.0,15.0,451.0,1.6,5,10,Overcast,cloudy,
182,"Austin, TX, United States",2022-09-26T14:00:00,83.8,85.2,64.2,51.87,0.0,23.8,,0,0,11.6,10.5,43.7,1016.3,99.3,15.0,495.0,1.8,5,10,Overcast,cloudy,
183,"Austin, TX, United States",2022-09-26T15:00:00,84.3,85.5,63.7,50.13,0.0,23.8,,0,0,10.8,10.3,41.8,1015.7,98.7,15.0,539.0,1.9,5,10,Overcast,cloudy,
184,"Austin, TX, United States",2022-09-26T16:00:00,84.8,85.9,63.2,48.45,0.0,23.8,,0,0,10.1,10.1,39.8,1015.0,98.0,15.0,583.0,2.1,6,10,Overcast,cloudy,
185,"Austin, TX, United States",2022-09-26T17:00:00,84.2,85.4,63.5,49.91,0.0,23.8,,0,0,10.8,9.8,31.7,1015.0,98.7,15.0,468.0,1.7,5,10,Overcast,cloudy,
186,"Austin, TX, United States",2022-09-26T18:00:00,83.6,85.0,63.8,51.42,0.0,23.8,,0,0,11.6,9.5,23.6,1015.0,99.3,15.0,353.0,1.3,4,10,Overcast,cloudy,
187,"Austin, TX, United States",2022-09-26T19:00:00,83.0,84.5,64.1,52.98,0.0,23.8,,0,0,12.3,9.2,15.5,1015.0,100.0,15.0,238.0,0.9,2,10,Overcast,cloudy,
188,"Austin, TX, United States",2022-09-26T20:00:00,82.2,83.6,63.8,53.87,0.0,9.5,,0,0,12.8,8.3,24.3,1015.7,68.7,15.0,159.0,0.6,0,10,Partially cloudy,partly-cloudy-night,
189,"Austin, TX, United States",2022-09-26T21:00:00,81.3,82.7,63.5,54.78,0.0,9.5,,0,0,13.3,7.4,33.0,1016.3,37.5,15.0,80.0,0.3,0,10,Partially cloudy,partly-cloudy-night,
190,"Austin, TX, United States",2022-09-26T22:00:00,80.5,81.9,63.2,55.71,0.02,9.5,rain,0,0,13.9,6.5,41.8,1017.0,6.2,15.0,1.0,0.0,0,10,Clear,clear-night,
191,"Austin, TX, United States",2022-09-26T23:00:00,80.1,81.4,62.6,55.19,0.0,9.5,,0,0,15.1,6.9,42.6,1017.0,36.3,15.0,0.7,0.0,0,10,Partially cloudy,partly-cloudy-night,
192,"Austin, TX, United States",2022-09-27T00:00:00,79.7,79.7,61.9,54.67,0.0,9.5,,0,0,16.3,7.2,43.3,1017.0,66.4,15.0,0.3,0.0,0,10,Partially cloudy,partly-cloudy-night,
193,"Austin, TX, United States",2022-09-27T01:00:00,79.2,79.2,61.2,54.15,0.0,9.5,,0,0,17.4,7.6,44.1,1017.0,96.5,15.0,0.0,,0,10,Overcast,cloudy,
194,"Austin, TX, United States",2022-09-27T02:00:00,78.5,78.5,59.7,52.45,0.0,0.0,,0,0,16.2,7.3,41.3,1017.0,69.7,15.0,0.0,,0,10,Partially cloudy,partly-cloudy-night,
195,"Austin, TX, United States",2022-09-27T03:00:00,77.8,77.8,58.1,50.8,0.0,0.0,,0,0,14.9,7.0,38.6,1017.0,43.0,15.0,0.0,,0,10,Partially cloudy,partly-cloudy-night,
196,"Austin, TX, United States",2022-09-27T04:00:00,77.1,77.1,56.6,49.18,0.0,0.0,,0,0,13.6,6.7,35.8,1017.0,16.2,15.0,0.0,,0,10,Clear,clear-night,
197,"Austin, TX, United States",2022-09-27T05:00:00,76.4,76.4,57.5,52.15,0.0,0.0,,0,0,13.4,6.7,39.5,1017.3,41.3,15.0,0.0,,0,10,Partially cloudy,partly-cloudy-night,
198,"Austin, TX, United States",2022-09-27T06:00:00,75.6,75.6,58.5,55.28,0.0,0.0,,0,0,13.2,6.7,43.1,1017.7,66.5,15.0,0.0,,0,10,Partially cloudy,partly-cloudy-night,
199,"Austin, TX, United States",2022-09-27T07:00:00,74.9,74.9,59.4,58.6,0.0,0.0,,0,0,13.0,6.7,46.8,1018.0,91.6,15.0,0.0,,0,10,Overcast,cloudy,
200,"Austin, TX, United States",2022-09-27T08:00:00,76.5,76.5,61.2,59.18,0.0,0.0,,0,0,12.7,7.3,61.2,1018.3,62.9,15.0,62.0,0.2,1,10,Partially cloudy,partly-cloudy-day,
201,"Austin, TX, United States",2022-09-27T09:00:00,78.1,78.1,62.9,59.77,0.0,0.0,,0,0,12.4,7.9,75.5,1018.7,34.2,15.0,124.0,0.4,1,10,Partially cloudy,partly-cloudy-day,
202,"Austin, TX, United States",2022-09-27T10:00:00,79.6,79.6,64.7,60.34,0.0,0.0,,0,0,12.1,8.5,89.9,1019.0,5.5,15.0,186.0,0.7,2,10,Clear,clear-day,
203,"Austin, TX, United States",2022-09-27T11:00:00,80.9,82.5,64.4,57.31,0.0,0.0,,0,0,11.9,9.0,85.5,1019.0,32.3,15.0,335.3,1.2,3,10,Partially cloudy,partly-cloudy-day,
204,"Austin, TX, United States",2022-09-27T12:00:00,82.1,83.6,64.1,54.43,0.0,0.0,,0,0,11.8,9.5,81.0,1019.0,59.0,15.0,484.7,1.8,5,10,Partially cloudy,partly-cloudy-day,
205,"Austin, TX, United States",2022-09-27T13:00:00,83.4,84.7,63.8,51.71,0.02,0.0,rain,0,0,11.6,10.1,76.6,1019.0,85.8,15.0,634.0,2.3,6,10,Partially cloudy,partly-cloudy-day,
206,"Austin, TX, United States",2022-09-27T14:00:00,84.4,85.1,62.2,47.27,0.0,0.0,,0,0,10.7,9.1,73.4,1018.0,90.5,15.0,576.0,2.1,6,10,Overcast,cloudy,
207,"Austin, TX, United States",2022-09-27T15:00:00,85.4,85.4,60.5,43.2,0.0,0.0,,0,0,9.7,8.1,70.3,1017.0,95.3,15.0,518.0,1.9,5,10,Overcast,cloudy,
208,"Austin, TX, United States",2022-09-27T16:00:00,86.4,85.9,58.9,39.47,0.0,0.0,,0,0,8.7,7.2,67.1,1016.0,100.0,15.0,460.0,1.7,5,10,Overcast,cloudy,
209,"Austin, TX, United States",2022-09-27T17:00:00,86.3,85.5,58.4,39.02,0.0,0.0,,0,0,8.4,6.9,78.3,1016.0,100.0,15.0,377.7,1.4,4,10,Overcast,cloudy,
210,"Austin, TX, United States",2022-09-27T18:00:00,86.1,85.3,57.9,38.58,0.0,0.0,,0,0,8.1,6.6,89.4,1016.0,99.9,15.0,295.3,1.1,3,10,Overcast,cloudy,
211,"Austin, TX, United States",2022-09-27T19:00:00,85.9,85.0,57.5,38.14,0.0,0.0,,0,0,7.8,6.3,100.6,1016.0,99.9,15.0,213.0,0.8,2,10,Overcast,cloudy,
212,"Austin, TX, United States",2022-09-27T20:00:00,84.7,83.8,57.0,38.95,0.0,4.8,,0,0,6.0,4.8,100.2,1016.7,99.9,15.0,142.3,0.5,0,10,Overcast,cloudy,
213,"Austin, TX, United States",2022-09-27T21:00:00,83.5,82.8,56.5,39.79,0.0,4.8,,0,0,4.1,3.4,99.7,1017.3,100.0,15.0,71.7,0.3,0,10,Overcast,cloudy,
214,"Austin, TX, United States",2022-09-27T22:00:00,82.3,81.8,56.0,40.65,0.0,4.8,,0,0,2.2,2.0,99.3,1018.0,100.0,15.0,1.0,0.0,0,10,Overcast,cloudy,
215,"Austin, TX, United States",2022-09-27T23:00:00,80.6,80.5,55.5,42.18,0.0,4.8,,0,0,4.3,3.2,99.4,1018.0,100.0,15.0,0.7,0.0,0,10,Overcast,cloudy,
216,"Austin, TX, United States",2022-09-28T00:00:00,78.8,78.8,55.0,43.79,0.0,4.8,,0,0,6.4,4.4,99.5,1018.0,99.9,15.0,0.3,0.0,0,10,Overcast,cloudy,
217,"Austin, TX, United States",2022-09-28T01:00:00,77.1,77.1,54.4,45.48,0.0,4.8,,0,0,8.5,5.6,99.6,1018.0,99.9,15.0,0.0,,0,10,Overcast,cloudy,
218,"Austin, TX, United States",2022-09-28T02:00:00,76.3,76.3,58.6,54.31,0.0,0.0,,0,0,9.4,5.8,119.2,1017.7,99.9,15.0,0.0,,0,10,Overcast,cloudy,
219,"Austin, TX, United States",2022-09-28T03:00:00,75.4,75.4,62.7,64.68,0.0,0.0,,0,0,10.3,6.0,138.9,1017.3,99.8,15.0,0.0,,0,10,Overcast,cloudy,
220,"Austin, TX, United States",2022-09-28T04:00:00,74.6,74.6,66.8,76.86,0.0,0.0,,0,0,11.2,6.3,158.5,1017.0,99.8,15.0,0.0,,0,10,Overcast,cloudy,
221,"Austin, TX, United States",2022-09-28T05:00:00,73.7,73.7,66.1,76.95,0.0,0.0,,0,0,10.1,5.9,157.7,1017.3,69.5,15.0,0.0,,0,10,Partially cloudy,partly-cloudy-night,
222,"Austin, TX, United States",2022-09-28T06:00:00,72.9,72.9,65.3,77.03,0.0,0.0,,0,0,8.9,5.5,157.0,1017.7,39.3,15.0,0.0,,0,10,Partially cloudy,partly-cloudy-night,
223,"Austin, TX, United States",2022-09-28T07:00:00,72.1,72.1,64.5,77.12,0.0,0.0,,0,0,7.8,5.1,156.2,1018.0,9.0,15.0,0.0,,0,10,Clear,clear-night,
224,"Austin, TX, United States",2022-09-28T08:00:00,74.4,74.4,63.7,69.08,0.0,4.8,,0,0,6.9,4.8,154.6,1018.3,7.6,15.0,64.3,0.2,1,10,Clear,clear-day,
225,"Austin, TX, United States",2022-09-28T09:00:00,76.8,76.8,62.8,61.92,0.0,4.8,,0,0,6.0,4.5,152.9,1018.7,6.1,15.0,128.7,0.5,1,10,Clear,clear-day,
226,"Austin, TX, United States",2022-09-28T10:00:00,79.2,79.2,62.0,55.54,0.0,4.8,,0,0,5.1,4.3,151.3,1019.0,4.7,15.0,193.0,0.7,2,10,Clear,clear-day,
227,"Austin, TX, United States",2022-09-28T11:00:00,82.4,82.8,60.4,47.28,0.0,4.8,,0,0,5.1,4.0,131.9,1018.7,18.2,15.0,368.7,1.3,4,10,Clear,clear-day,
228,"Austin, TX, United States",2022-09-28T12:00:00,85.6,85.1,58.7,40.29,0.0,4.8,,0,0,5.0,3.8,112.5,1018.3,31.6,15.0,544.3,2.0,5,10,Partially cloudy,partly-cloudy-day,
229,"Austin, TX, United States",2022-09-28T13:00:00,88.8,87.5,57.1,34.36,0.0,4.8,,0,0,4.9,3.6,93.1,1018.0,45.1,15.0,720.0,2.6,7,10,Partially cloudy,partly-cloudy-day,
230,"Austin, TX, United States",2022-09-28T14:00:00,89.7,87.8,55.2,31.16,0.0,4.8,,0,0,4.5,4.5,83.0,1017.0,58.0,15.0,739.7,2.7,7,10,Partially cloudy,partly-cloudy-day,
231,"Austin, TX, United States",2022-09-28T15:00:00,90.6,88.2,53.3,28.24,0.0,4.8,,0,0,4.2,5.4,72.8,1016.0,71.0,15.0,759.3,2.7,8,10,Partially cloudy,partly-cloudy-day,
232,"Austin, TX, United States",2022-09-28T16:00:00,91.5,88.7,51.3,25.58,0.0,4.8,,0,0,3.8,6.3,62.7,1015.0,83.9,15.0,779.0,2.8,8,10,Partially cloudy,partly-cloudy-day,
233,"Austin, TX, United States",2022-09-28T17:00:00,90.1,87.4,51.8,27.18,0.0,4.8,,0,0,5.4,7.0,72.9,1014.7,58.1,15.0,618.7,2.2,6,10,Partially cloudy,partly-cloudy-day,
234,"Austin, TX, United States",2022-09-28T18:00:00,88.6,86.2,52.2,28.88,0.0,4.8,,0,0,6.9,7.8,83.1,1014.3,32.4,15.0,458.3,1.7,5,10,Partially cloudy,partly-cloudy-day,
235,"Austin, TX, United States",2022-09-28T19:00:00,87.2,85.0,52.6,30.7,0.0,4.8,,0,0,8.5,8.5,93.3,1014.0,6.6,15.0,298.0,1.1,3,10,Clear,clear-day,
236,"Austin, TX, United States",2022-09-28T20:00:00,84.8,83.2,53.1,33.67,0.0,9.5,,0,0,9.2,7.8,114.8,1014.7,6.1,15.0,199.0,0.7,0,10,Clear,clear-night,
237,"Austin, TX, United States",2022-09-28T21:00:00,82.5,81.5,53.6,36.95,0.0,9.5,,0,0,10.0,7.0,136.4,1015.3,5.7,15.0,100.0,0.4,0,10,Clear,clear-night,
238,"Austin, TX, United States",2022-09-28T22:00:00,80.1,80.1,54.1,40.58,0.0,9.5,,0,0,10.7,6.3,157.9,1016.0,5.2,15.0,1.0,0.0,0,10,Clear,clear-night,
239,"Austin, TX, United States",2022-09-28T23:00:00,78.9,78.9,53.4,41.2,0.0,9.5,,0,0,9.8,5.8,165.9,1016.0,5.1,15.0,0.7,0.0,0,10,Clear,clear-night,
240,"Austin, TX, United States",2022-09-29T00:00:00,77.7,77.7,52.7,41.84,0.0,9.5,,0,0,8.8,5.4,173.8,1016.0,4.9,15.0,0.3,0.0,0,10,Clear,clear-night,
241,"Austin, TX, United States",2022-09-29T01:00:00,76.6,76.6,52.1,42.49,0.0,9.5,,0,0,7.8,4.9,181.8,1016.0,4.8,15.0,0.0,,0,10,Clear,clear-night,
242,"Austin, TX, United States",2022-09-29T02:00:00,75.7,75.7,52.0,43.5,0.0,4.8,,0,0,7.2,4.5,187.5,1016.0,4.4,15.0,0.0,,0,10,Clear,clear-night,
243,"Austin, TX, United States",2022-09-29T03:00:00,74.9,74.9,51.8,44.54,0.0,4.8,,0,0,6.5,4.2,193.3,1016.0,3.9,15.0,0.0,,0,10,Clear,clear-night,
244,"Austin, TX, United States",2022-09-29T04:00:00,74.0,74.0,51.7,45.61,0.0,4.8,,0,0,5.8,3.8,199.0,1016.0,3.5,15.0,0.0,,0,10,Clear,clear-night,
245,"Austin, TX, United States",2022-09-29T05:00:00,73.6,73.6,51.8,46.46,0.0,4.8,,0,0,5.4,3.5,207.1,1016.0,4.0,15.0,0.0,,0,10,Clear,clear-night,
246,"Austin, TX, United States",2022-09-29T06:00:00,73.2,73.2,52.0,47.33,0.0,4.8,,0,0,4.9,3.2,215.1,1016.0,4.4,15.0,0.0,,0,10,Clear,clear-night,
247,"Austin, TX, United States",2022-09-29T07:00:00,72.8,72.8,52.1,48.22,0.0,4.8,,0,0,4.5,2.9,223.2,1016.0,4.9,15.0,0.0,,0,10,Clear,clear-night,
248,"Austin, TX, United States",2022-09-29T08:00:00,75.8,75.8,52.1,43.61,0.0,4.8,,0,0,3.5,2.2,259.4,1016.3,5.2,15.0,65.3,0.2,1,10,Clear,clear-day,
249,"Austin, TX, United States",2022-09-29T09:00:00,78.8,78.8,52.1,39.49,0.0,4.8,,0,0,2.5,1.6,295.5,1016.7,5.5,15.0,130.7,0.5,1,10,Clear,clear-day,
250,"Austin, TX, United States",2022-09-29T10:00:00,81.8,80.8,52.1,35.8,0.0,4.8,,0,0,1.6,0.9,331.7,1017.0,5.8,15.0,196.0,0.7,2,10,Clear,clear-day,
251,"Austin, TX, United States",2022-09-29T11:00:00,84.6,82.8,51.8,32.4,0.0,4.8,,0,0,3.0,1.9,235.2,1016.7,37.2,15.0,371.0,1.3,4,10,Partially cloudy,partly-cloudy-day,
252,"Austin, TX, United States",2022-09-29T12:00:00,87.4,85.0,51.6,29.35,0.0,4.8,,0,0,4.4,2.8,138.8,1016.3,68.6,15.0,546.0,2.0,5,10,Partially cloudy,partly-cloudy-day,
253,"Austin, TX, United States",2022-09-29T13:00:00,90.2,87.5,51.3,26.61,0.0,4.8,,0,0,5.8,3.8,42.3,1016.0,100.0,15.0,721.0,2.6,7,10,Overcast,cloudy,
254,"Austin, TX, United States",2022-09-29T14:00:00,91.2,88.2,50.0,24.59,0.0,14.3,,0,0,5.4,4.2,48.8,1015.0,100.0,15.0,738.0,2.7,7,10,Overcast,cloudy,
255,"Austin, TX, United States",2022-09-29T15:00:00,92.1,88.9,48.7,22.72,0.0,14.3,,0,0,5.1,4.5,55.2,1014.0,100.0,15.0,755.0,2.7,8,10,Overcast,cloudy,
256,"Austin, TX, United States",2022-09-29T16:00:00,93.1,89.6,47.4,20.99,0.0,14.3,,0,0,4.7,4.9,61.7,1013.0,100.0,15.0,772.0,2.8,8,10,Overcast,cloudy,
257,"Austin, TX, United States",2022-09-29T17:00:00,91.4,88.0,47.3,22.06,0.0,14.3,,0,0,7.0,6.6,78.8,1013.0,67.6,15.0,622.3,2.3,6,10,Partially cloudy,partly-cloudy-day,
258,"Austin, TX, United States",2022-09-29T18:00:00,89.8,86.5,47.3,23.2,0.0,14.3,,0,0,9.3,8.2,95.9,1013.0,35.3,15.0,472.7,1.7,5,10,Partially cloudy,partly-cloudy-day,
259,"Austin, TX, United States",2022-09-29T19:00:00,88.1,85.0,47.2,24.41,0.0,14.3,,0,0,11.6,9.8,113.0,1013.0,2.9,15.0,323.0,1.2,3,10,Clear,clear-day,
260,"Austin, TX, United States",2022-09-29T20:00:00,85.7,83.1,46.9,25.94,0.0,19.0,,0,0,11.5,8.5,125.7,1013.7,2.9,15.0,215.7,0.8,0,10,Clear,clear-night,
261,"Austin, TX, United States",2022-09-29T21:00:00,83.4,81.3,46.5,27.59,0.0,19.0,,0,0,11.3,7.2,138.5,1014.3,2.9,15.0,108.3,0.4,0,10,Clear,clear-night,
262,"Austin, TX, United States",2022-09-29T22:00:00,81.1,79.8,46.1,29.36,0.0,19.0,,0,0,11.2,5.8,151.2,1015.0,2.9,15.0,1.0,0.0,0,10,Clear,clear-night,
263,"Austin, TX, United States",2022-09-29T23:00:00,79.4,79.4,46.6,31.45,0.0,19.0,,0,0,10.0,5.4,169.0,1015.0,3.6,15.0,0.7,0.0,0,10,Clear,clear-night,
264,"Austin, TX, United States",2022-09-30T00:00:00,77.8,77.8,47.0,33.71,0.0,19.0,,0,0,8.8,5.1,186.7,1015.0,4.3,15.0,0.3,0.0,0,10,Clear,clear-night,
265,"Austin, TX, United States",2022-09-30T01:00:00,76.2,76.2,47.4,36.13,0.0,19.0,,0,0,7.6,4.7,204.5,1015.0,5.0,15.0,0.0,,0,10,Clear,clear-night,
266,"Austin, TX, United States",2022-09-30T02:00:00,75.4,75.4,47.5,37.24,0.0,14.3,,0,0,7.1,4.4,209.6,1015.0,3.5,15.0,0.0,,0,10,Clear,clear-night,
267,"Austin, TX, United States",2022-09-30T03:00:00,74.5,74.5,47.5,38.39,0.0,14.3,,0,0,6.6,4.1,214.7,1015.0,2.1,15.0,0.0,,0,10,Clear,clear-night,
268,"Austin, TX, United States",2022-09-30T04:00:00,73.7,73.7,47.6,39.57,0.0,14.3,,0,0,6.0,3.8,219.8,1015.0,0.6,15.0,0.0,,0,10,Clear,clear-night,
269,"Austin, TX, United States",2022-09-30T05:00:00,73.4,73.4,47.9,40.34,0.0,14.3,,0,0,4.6,3.1,246.3,1015.0,2.1,15.0,0.0,,0,10,Clear,clear-night,
270,"Austin, TX, United States",2022-09-30T06:00:00,73.2,73.2,48.2,41.13,0.0,14.3,,0,0,3.2,2.5,272.9,1015.0,3.5,15.0,0.0,,0,10,Clear,clear-night,
271,"Austin, TX, United States",2022-09-30T07:00:00,72.9,72.9,48.5,41.93,0.0,14.3,,0,0,1.8,1.8,299.4,1015.0,5.0,15.0,0.0,,0,10,Clear,clear-night,
272,"Austin, TX, United States",2022-09-30T08:00:00,75.9,75.9,48.8,38.35,0.0,9.5,,0,0,2.2,1.9,203.5,1015.3,5.0,15.0,66.3,0.2,1,10,Clear,clear-day,
273,"Austin, TX, United States",2022-09-30T09:00:00,78.9,78.9,49.1,35.12,0.0,9.5,,0,0,2.5,2.1,107.5,1015.7,5.0,15.0,132.7,0.5,1,10,Clear,clear-day,
274,"Austin, TX, United States",2022-09-30T10:00:00,81.9,80.6,49.4,32.2,0.0,9.5,,0,0,2.9,2.2,11.6,1016.0,5.0,15.0,199.0,0.7,2,10,Clear,clear-day,
275,"Austin, TX, United States",2022-09-30T11:00:00,84.8,82.5,47.8,27.62,0.0,9.5,,0,0,3.4,3.1,19.6,1015.7,5.0,15.0,377.3,1.3,4,10,Clear,clear-day,
276,"Austin, TX, United States",2022-09-30T12:00:00,87.7,84.6,46.1,23.71,0.0,9.5,,0,0,4.0,3.9,27.6,1015.3,5.0,15.0,555.7,2.0,6,10,Clear,clear-day,
277,"Austin, TX, United States",2022-09-30T13:00:00,90.6,86.9,44.5,20.36,0.0,9.5,,0,0,4.5,4.7,35.6,1015.0,5.0,15.0,734.0,2.6,7,10,Clear,clear-day,
278,"Austin, TX, United States",2022-09-30T14:00:00,91.7,87.8,43.0,18.54,0.0,9.5,,0,0,4.6,4.5,38.5,1014.0,3.4,15.0,758.3,2.7,8,10,Clear,clear-day,
279,"Austin, TX, United States",2022-09-30T15:00:00,92.7,88.7,41.4,16.89,0.0,9.5,,0,0,4.8,4.3,41.3,1013.0,1.7,15.0,782.7,2.8,8,10,Clear,clear-day,
280,"Austin, TX, United States",2022-09-30T16:00:00,93.8,89.5,39.8,15.37,0.0,9.5,,0,0,4.9,4.0,44.2,1012.0,0.1,15.0,807.0,2.9,8,10,Clear,clear-day,
281,"Austin, TX, United States",2022-09-30T17:00:00,92.3,88.2,39.6,15.99,0.0,9.5,,0,0,6.4,5.1,59.8,1012.0,0.1,15.0,649.0,2.3,6,10,Clear,clear-day,
282,"Austin, TX, United States",2022-09-30T18:00:00,90.8,86.8,39.5,16.64,0.0,9.5,,0,0,7.9,6.3,75.5,1012.0,0.0,15.0,491.0,1.8,5,10,Clear,clear-day,
283,"Austin, TX, United States",2022-09-30T19:00:00,89.3,85.5,39.3,17.32,0.0,9.5,,0,0,9.4,7.4,91.1,1012.0,0.0,15.0,333.0,1.2,3,10,Clear,clear-day,
284,"Austin, TX, United States",2022-09-30T20:00:00,86.9,83.5,40.0,19.26,0.0,9.5,,0,0,7.9,5.8,79.9,1012.3,0.0,15.0,222.3,0.8,0,10,Clear,clear-night,
285,"Austin, TX, United States",2022-09-30T21:00:00,84.4,81.7,40.7,21.42,0.0,9.5,,0,0,6.4,4.3,68.6,1012.7,0.0,15.0,111.7,0.4,0,10,Clear,clear-night,
286,"Austin, TX, United States",2022-09-30T22:00:00,81.9,80.0,41.4,23.85,0.0,9.5,,0,0,4.9,2.7,57.4,1013.0,0.0,15.0,1.0,0.0,0,10,Clear,clear-night,
287,"Austin, TX, United States",2022-09-30T23:00:00,80.3,79.1,41.1,24.79,0.0,9.5,,0,0,5.4,3.2,89.7,1013.0,0.0,15.0,0.7,0.0,0,10,Clear,clear-night,
288,"Austin, TX, United States",2022-10-01T00:00:00,78.7,78.7,40.7,25.78,0.0,9.5,,0,0,5.8,3.7,122.1,1013.0,0.0,15.0,0.3,0.0,0,10,Clear,clear-night,
289,"Austin, TX, United States",2022-10-01T01:00:00,77.1,77.1,40.4,26.82,0.0,9.5,,0,0,6.3,4.3,154.4,1013.0,0.0,15.0,0.0,,0,10,Clear,clear-night,
290,"Austin, TX, United States",2022-10-01T02:00:00,76.6,76.6,40.1,27.0,0.0,4.8,,0,0,5.1,3.7,113.7,1013.0,0.0,15.0,0.0,,0,10,Clear,clear-night,
291,"Austin, TX, United States",2022-10-01T03:00:00,76.1,76.1,39.9,27.18,0.0,4.8,,0,0,3.9,3.1,72.9,1013.0,0.0,15.0,0.0,,0,10,Clear,clear-night,
292,"Austin, TX, United States",2022-10-01T04:00:00,75.6,75.6,39.6,27.36,0.0,4.8,,0,0,2.7,2.5,32.2,1013.0,0.0,15.0,0.0,,0,10,Clear,clear-night,
293,"Austin, TX, United States",2022-10-01T05:00:00,75.1,75.1,39.8,28.04,0.0,4.8,,0,0,2.6,2.5,131.2,1013.0,0.0,15.0,0.0,,0,10,Clear,clear-night,
294,"Austin, TX, United States",2022-10-01T06:00:00,74.4,74.4,39.9,28.74,0.0,4.8,,0,0,2.5,2.5,230.3,1013.0,0.0,15.0,0.0,,0,10,Clear,clear-night,
295,"Austin, TX, United States",2022-10-01T07:00:00,73.8,73.8,40.0,29.47,0.0,4.8,,0,0,2.5,2.5,329.3,1013.0,0.0,15.0,0.0,,0,10,Clear,clear-night,
296,"Austin, TX, United States",2022-10-01T08:00:00,77.0,77.0,40.1,26.56,0.0,4.8,,0,0,3.5,3.1,330.8,1013.3,0.0,15.0,66.7,0.2,1,10,Clear,clear-day,
297,"Austin, TX, United States",2022-10-01T09:00:00,80.2,78.9,40.1,23.98,0.0,4.8,,0,0,4.5,3.8,332.2,1013.7,0.0,15.0,133.3,0.5,1,10,Clear,clear-day,
298,"Austin, TX, United States",2022-10-01T10:00:00,83.4,80.9,40.2,21.68,0.0,4.8,,0,0,5.6,4.5,333.7,1014.0,0.0,15.0,200.0,0.7,2,10,Clear,clear-day,
299,"Austin, TX, United States",2022-10-01T11:00:00,86.4,83.1,40.3,19.78,0.0,4.8,,0,0,5.4,4.8,342.4,1013.3,0.0,15.0,379.0,1.4,4,10,Clear,clear-day,
300,"Austin, TX, United States",2022-10-01T12:00:00,89.4,85.6,40.4,18.07,0.0,4.8,,0,0,5.3,5.1,351.0,1012.7,0.0,15.0,558.0,2.0,6,10,Clear,clear-day,
301,"Austin, TX, United States",2022-10-01T13:00:00,92.4,88.3,40.5,16.53,0.0,4.8,,0,0,5.1,5.4,359.7,1012.0,0.0,15.0,737.0,2.7,7,10,Clear,clear-day,
302,"Austin, TX, United States",2022-10-01T14:00:00,93.6,89.4,40.2,15.71,0.0,14.3,,0,0,6.0,5.1,246.1,1011.0,0.0,15.0,758.7,2.8,8,10,Clear,clear-day,
303,"Austin, TX, United States",2022-10-01T15:00:00,94.9,90.5,39.9,14.94,0.0,14.3,,0,0,6.9,4.8,132.5,1010.0,0.0,15.0,780.3,2.8,8,10,Clear,clear-day,
304,"Austin, TX, United States",2022-10-01T16:00:00,96.2,91.7,39.6,14.2,0.0,14.3,,0,0,7.8,4.5,18.9,1009.0,0.0,15.0,802.0,2.9,8,10,Clear,clear-day,
305,"Austin, TX, United States",2022-10-01T17:00:00,94.7,90.3,39.9,15.05,0.0,14.3,,0,0,8.1,4.6,43.1,1009.0,0.0,15.0,643.7,2.3,6,10,Clear,clear-day,
306,"Austin, TX, United States",2022-10-01T18:00:00,93.2,89.0,40.2,15.95,0.0,14.3,,0,0,8.3,4.8,67.4,1009.0,0.0,15.0,485.3,1.8,5,10,Clear,clear-day,
307,"Austin, TX, United States",2022-10-01T19:00:00,91.7,87.6,40.5,16.9,0.0,14.3,,0,0,8.5,4.9,91.6,1009.0,0.0,15.0,327.0,1.2,3,10,Clear,clear-day,
308,"Austin, TX, United States",2022-10-01T20:00:00,89.4,85.7,41.4,18.8,0.0,0.0,,0,0,6.8,4.4,151.4,1009.7,0.0,15.0,218.3,0.8,0,10,Clear,clear-night,
309,"Austin, TX, United States",2022-10-01T21:00:00,87.1,83.8,42.3,20.92,0.0,0.0,,0,0,5.1,3.9,211.3,1010.3,0.0,15.0,109.7,0.4,0,10,Clear,clear-night,
310,"Austin, TX, United States",2022-10-01T22:00:00,84.8,82.1,43.2,23.29,0.0,0.0,,0,0,3.4,3.4,271.1,1011.0,0.0,15.0,1.0,0.0,0,10,Clear,clear-night,
311,"Austin, TX, United States",2022-10-01T23:00:00,83.7,81.3,43.1,24.0,0.0,0.0,,0,0,3.4,3.4,259.4,1011.0,0.0,15.0,0.7,0.0,0,10,Clear,clear-night,
312,"Austin, TX, United States",2022-10-02T00:00:00,82.7,80.6,43.0,24.74,0.0,0.0,,0,0,3.4,3.4,247.6,1011.0,0.0,15.0,0.3,0.0,0,10,Clear,clear-night,
313,"Austin, TX, United States",2022-10-02T01:00:00,81.6,79.9,42.9,25.5,0.0,0.0,,0,0,3.4,3.4,235.9,1011.0,0.0,15.0,0.0,,0,10,Clear,clear-night,
314,"Austin, TX, United States",2022-10-02T02:00:00,81.1,79.6,42.8,25.89,0.0,0.0,,0,0,5.6,4.3,250.3,1010.7,0.0,15.0,0.0,,0,10,Clear,clear-night,
315,"Austin, TX, United States",2022-10-02T03:00:00,80.5,79.3,42.8,26.29,0.0,0.0,,0,0,7.8,5.1,264.8,1010.3,0.0,15.0,0.0,,0,10,Clear,clear-night,
316,"Austin, TX, United States",2022-10-02T04:00:00,80.0,80.0,42.7,26.7,0.0,0.0,,0,0,10.1,6.0,279.2,1010.0,0.0,15.0,0.0,,0,10,Clear,clear-night,
317,"Austin, TX, United States",2022-10-02T05:00:00,79.3,79.3,42.2,26.84,0.0,0.0,,0,0,12.2,6.2,289.6,1010.3,0.0,15.0,0.0,,0,10,Clear,clear-night,
318,"Austin, TX, United States",2022-10-02T06:00:00,78.5,78.5,41.7,26.98,0.0,0.0,,0,0,14.2,6.3,299.9,1010.7,0.0,15.0,0.0,,0,10,Clear,clear-night,
319,"Austin, TX, United States",2022-10-02T07:00:00,77.8,77.8,41.3,27.12,0.0,0.0,,0,0,16.3,6.5,310.3,1011.0,0.0,15.0,0.0,,0,10,Clear,clear-night,
320,"Austin, TX, United States",2022-10-02T08:00:00,80.6,79.2,40.8,24.27,0.0,0.0,,0,0,17.2,7.9,323.8,1011.7,0.0,15.0,65.3,0.2,1,10,Clear,clear-day,
321,"Austin, TX, United States",2022-10-02T09:00:00,83.5,81.0,40.3,21.74,0.0,0.0,,0,0,18.1,9.3,337.3,1012.3,0.0,15.0,130.7,0.5,1,10,Clear,clear-day,
322,"Austin, TX, United States",2022-10-02T10:00:00,86.3,83.0,39.8,19.49,0.0,0.0,,0,0,19.0,10.7,350.8,1013.0,0.0,15.0,196.0,0.7,2,10,Clear,clear-day,
323,"Austin, TX, United States",2022-10-02T11:00:00,89.2,85.4,39.4,17.46,0.0,0.0,,0,0,17.1,11.0,234.8,1012.7,0.0,15.0,373.0,1.3,4,10,Clear,clear-day,
324,"Austin, TX, United States",2022-10-02T12:00:00,92.0,87.8,38.9,15.66,0.0,0.0,,0,0,15.3,11.3,118.9,1012.3,0.0,15.0,550.0,2.0,6,10,Clear,clear-day,
325,"Austin, TX, United States",2022-10-02T13:00:00,94.9,90.4,38.4,14.06,0.0,0.0,,0,0,13.4,11.6,2.9,1012.0,0.0,15.0,727.0,2.6,7,10,Clear,clear-day,
326,"Austin, TX, United States",2022-10-02T14:00:00,95.7,91.2,38.6,13.85,0.0,19.0,,0,0,12.9,11.8,7.1,1011.3,0.0,15.0,749.3,2.7,7,10,Clear,clear-day,
327,"Austin, TX, United States",2022-10-02T15:00:00,96.5,91.9,38.9,13.65,0.0,19.0,,0,0,12.4,11.9,11.4,1010.7,0.0,15.0,771.7,2.8,8,10,Clear,clear-day,
328,"Austin, TX, United States",2022-10-02T16:00:00,97.2,92.6,39.1,13.46,0.0,19.0,,0,0,11.9,12.1,15.6,1010.0,0.0,15.0,794.0,2.9,8,10,Clear,clear-day,
329,"Austin, TX, United States",2022-10-02T17:00:00,95.2,90.8,40.3,14.97,0.0,19.0,,0,0,13.1,11.8,20.0,1010.7,0.0,15.0,636.0,2.3,6,10,Clear,clear-day,
330,"Austin, TX, United States",2022-10-02T18:00:00,93.2,89.0,41.4,16.67,0.0,19.0,,0,0,14.4,11.5,24.4,1011.3,0.0,15.0,478.0,1.8,5,10,Clear,clear-day,
331,"Austin, TX, United States",2022-10-02T19:00:00,91.1,87.3,42.5,18.56,0.0,19.0,,0,0,15.7,11.2,28.8,1012.0,0.0,15.0,320.0,1.2,3,10,Clear,clear-day,
332,"Austin, TX, United States",2022-10-02T20:00:00,88.2,84.7,41.7,19.75,0.0,14.3,,0,0,18.8,11.5,34.2,1013.0,0.0,15.0,213.3,0.8,0,10,Clear,clear-night,
333,"Austin, TX, United States",2022-10-02T21:00:00,85.3,82.3,41.0,21.05,0.0,14.3,,0,0,21.9,11.8,39.6,1014.0,0.0,15.0,106.7,0.4,0,10,Clear,clear-night,
334,"Austin, TX, United States",2022-10-02T22:00:00,82.3,80.2,40.2,22.45,0.0,14.3,,0,0,25.1,12.1,45.0,1015.0,0.0,15.0,0.0,,0,10,Clear,clear-night,
335,"Austin, TX, United States",2022-10-02T23:00:00,80.5,79.0,38.9,22.61,0.0,14.3,,0,0,24.7,11.3,48.4,1015.3,0.2,15.0,0.0,,0,10,Clear,clear-night,
336,"Austin, TX, United States",2022-10-03T00:00:00,78.7,78.7,37.6,22.77,0.0,14.3,,0,0,24.3,10.4,51.8,1015.7,0.3,15.0,0.0,,0,10,Clear,clear-night,
337,"Austin, TX, United States",2022-10-03T01:00:00,76.9,76.9,36.2,22.94,0.0,14.3,,0,0,23.9,9.6,55.2,1016.0,0.3,15.0,0.0,,0,10,Clear,clear-night,
338,"Austin, TX, United States",2022-10-03T02:00:00,75.1,75.1,35.4,23.62,0.0,9.5,,0,0,21.8,9.4,55.2,1016.3,3.8,15.0,0.0,,0,10,Clear,clear-night,
339,"Austin, TX, United States",2022-10-03T03:00:00,73.3,73.3,34.7,24.32,0.0,9.5,,0,0,19.8,9.2,55.1,1016.7,7.3,15.0,0.0,,0,10,Clear,clear-night,
340,"Austin, TX, United States",2022-10-03T04:00:00,71.5,71.5,33.9,25.05,0.0,9.5,,0,0,17.7,8.9,55.1,1017.0,10.8,15.0,0.0,,0,10,Clear,clear-night,
341,"Austin, TX, United States",2022-10-03T05:00:00,70.1,70.1,33.2,25.57,0.0,9.5,,0,0,16.9,8.8,56.8,1017.7,7.2,15.0,0.0,,0,10,Clear,clear-night,
342,"Austin, TX, United States",2022-10-03T06:00:00,68.7,68.7,32.6,26.11,0.0,9.5,,0,0,16.2,8.6,58.5,1018.3,3.6,15.0,0.0,,0,10,Clear,clear-night,
343,"Austin, TX, United States",2022-10-03T07:00:00,67.4,67.4,31.9,26.66,0.0,9.5,,0,0,15.4,8.5,60.2,1019.0,0.0,15.0,0.0,,0,10,Clear,clear-night,
344,"Austin, TX, United States",2022-10-03T08:00:00,68.9,68.9,31.6,25.01,0.0,9.5,,0,0,13.9,8.4,62.6,1019.7,1.7,15.0,64.7,0.2,1,10,Clear,clear-day,
345,"Austin, TX, United States",2022-10-03T09:00:00,70.4,70.4,31.3,23.48,0.0,9.5,,0,0,12.5,8.4,64.9,1020.3,3.3,15.0,129.3,0.5,1,10,Clear,clear-day,
346,"Austin, TX, United States",2022-10-03T10:00:00,71.9,71.9,31.0,22.04,0.0,9.5,,0,0,11.0,8.3,67.3,1021.0,5.0,15.0,194.0,0.7,2,10,Clear,clear-day,
347,"Austin, TX, United States",2022-10-03T11:00:00,74.9,74.9,30.8,19.74,0.0,9.5,,0,0,9.5,7.9,70.7,1020.7,5.0,15.0,370.7,1.3,4,10,Clear,clear-day,
348,"Austin, TX, United States",2022-10-03T12:00:00,78.0,78.0,30.7,17.71,0.0,9.5,,0,0,8.1,7.5,74.0,1020.3,5.0,15.0,547.3,2.0,5,10,Clear,clear-day,
349,"Austin, TX, United States",2022-10-03T13:00:00,81.1,79.1,30.5,15.9,0.0,9.5,,0,0,6.7,7.2,77.4,1020.0,5.0,15.0,724.0,2.6,7,10,Clear,clear-day,
350,"Austin, TX, United States",2022-10-03T14:00:00,82.5,80.0,30.9,15.44,0.0,9.5,,0,0,6.4,7.0,76.8,1019.3,30.4,15.0,741.3,2.7,7,10,Partially cloudy,partly-cloudy-day,
351,"Austin, TX, United States",2022-10-03T15:00:00,83.9,81.1,31.3,14.99,0.0,9.5,,0,0,6.1,6.9,76.3,1018.7,55.7,15.0,758.7,2.7,8,10,Partially cloudy,partly-cloudy-day,
352,"Austin, TX, United States",2022-10-03T16:00:00,85.4,82.2,31.7,14.55,0.0,9.5,,0,0,5.8,6.7,75.7,1018.0,81.1,15.0,776.0,2.8,8,10,Partially cloudy,partly-cloudy-day,
353,"Austin, TX, United States",2022-10-03T17:00:00,83.8,81.0,32.3,15.71,0.0,9.5,,0,0,6.9,7.1,84.1,1018.0,55.7,15.0,619.0,2.2,6,10,Partially cloudy,partly-cloudy-day,
354,"Austin, TX, United States",2022-10-03T18:00:00,82.1,79.8,32.9,16.95,0.0,9.5,,0,0,7.9,7.5,92.6,1018.0,30.4,15.0,462.0,1.7,5,10,Partially cloudy,partly-cloudy-day,
355,"Austin, TX, United States",2022-10-03T19:00:00,80.5,78.8,33.5,18.31,0.0,9.5,,0,0,8.9,7.8,101.0,1018.0,5.0,15.0,305.0,1.1,3,10,Clear,clear-day,
356,"Austin, TX, United States",2022-10-03T20:00:00,79.0,79.0,33.4,19.17,0.0,0.0,,0,0,8.9,6.5,98.3,1018.3,5.0,15.0,203.3,0.7,0,10,Clear,clear-night,
357,"Austin, TX, United States",2022-10-03T21:00:00,77.4,77.4,33.3,20.09,0.0,0.0,,0,0,8.8,5.1,95.6,1018.7,5.0,15.0,101.7,0.4,0,10,Clear,clear-night,
358,"Austin, TX, United States",2022-10-03T22:00:00,75.8,75.8,33.2,21.06,0.0,0.0,,0,0,8.7,3.8,92.9,1019.0,5.0,15.0,0.0,,0,10,Clear,clear-night,
359,"Austin, TX, United States",2022-10-03T23:00:00,74.0,74.0,33.1,22.3,0.0,0.0,,0,0,7.2,3.4,111.1,1019.3,4.9,15.0,0.0,,0,10,Clear,clear-night,
